{
	"info": {
		"_postman_id": "5461f275-f4e2-460e-8ce3-2a1ba96f4788",
		"name": "MVidly",
		"schema": "https://schema.getpostman.com/json/collection/v2.1.0/collection.json"
	},
	"item": [
		{
			"name": "get all",
			"request": {
				"method": "GET",
				"header": [],
				"url": {
					"raw": "http://localhost:3237/api/genres",
					"protocol": "http",
					"host": [
						"localhost"
					],
					"port": "3237",
					"path": [
						"api",
						"genres"
					]
				}
			},
			"response": []
		},
		{
			"name": "post",
			"request": {
				"method": "POST",
				"header": [],
				"body": {
					"mode": "raw",
					"raw": "{\r\n    \"name\":\"Comedy\"\r\n}",
					"options": {
						"raw": {
							"language": "json"
						}
					}
				},
				"url": {
					"raw": "http://localhost:3237/api/genres",
					"protocol": "http",
					"host": [
						"localhost"
					],
					"port": "3237",
					"path": [
						"api",
						"genres"
					]
				}
			},
			"response": []
		},
		{
			"name": "put",
			"request": {
				"method": "PUT",
				"header": [],
				"body": {
					"mode": "raw",
					"raw": "{\r\n    \"name\":\"RomCom\"\r\n}",
					"options": {
						"raw": {
							"language": "json"
						}
					}
				},
				"url": {
					"raw": "http://localhost:3237/api/genres/3",
					"protocol": "http",
					"host": [
						"localhost"
					],
					"port": "3237",
					"path": [
						"api",
						"genres",
						"3"
					]
				}
			},
			"response": []
		},
		{
			"name": "Delete",
			"request": {
				"method": "DELETE",
				"header": [],
				"url": {
					"raw": "http://localhost:3237/api/genres/3",
					"protocol": "http",
					"host": [
						"localhost"
					],
					"port": "3237",
					"path": [
						"api",
						"genres",
						"3"
					]
				}
			},
			"response": []
		}
	]
}